quantity,value
"GEN alpha (S4, 5 items)",0.6269072379213221
Short 4-dim index composite reliability (S4),0.928346846274753
GEN <-> Short overall disattenuated r (S4),0.9327762099559023
"GEN alpha (S2, 8 items)",0.6970969599606553
GEN <-> overall r (S2),0.6728939320840098
"GEN alpha (S3, 8 items)",0.8130385459473575
GEN <-> overall r (S3),0.7467318404287054
